-0.3897,-0.47175,2.4131,-0.23937,0.46856,-1.6673,1.0107,-0.92358,-0.62248,1.8087,0.7412,-0.42202,2.3513
-0.40665,-0.47175,-1.1394,-0.23937,-0.57492,1.1265,-0.20312,-0.1682,-0.85146,-0.82281,-0.31499,0.42682,-0.97353
-0.41078,3.3893,-1.0898,-0.23937,-1.401,1.6541,-1.2083,1.2181,-0.73697,-0.97795,-1.1875,0.32053,-1.3326
-0.26379,-0.47175,-0.44877,-0.23937,-0.14883,-0.2901,1.0803,0.19266,-0.62248,-0.60203,1.1545,0.21545,0.044155
-0.06528,-0.47175,1.0055,-0.23937,0.86856,-0.73042,-0.72135,-0.33333,1.6673,1.5402,0.78713,-0.2474,0.19528
0.11564,-0.47175,1.0055,-0.23937,1.3729,0.59476,0.73246,-0.55588,1.6673,1.5402,0.78713,-1.1131,0.51279
-0.40776,0.72948,0.55872,-0.23937,-0.79231,-0.041106,0.29075,-0.073063,-0.62248,-0.82281,-0.1313,0.436,-0.29554
0.4875,-0.47175,1.0055,-0.23937,1.3729,-0.48143,0.39509,-0.46966,1.6673,1.5402,0.78713,-3.8656,0.58489
-0.40775,1.7806,-0.86053,-0.23937,-1.3054,0.40343,-1.6013,1.6837,-0.3935,-0.68557,-0.86604,0.16067,-0.44528
0.030726,-0.47175,1.0055,-0.23937,-0.20101,-0.069241,0.75681,-0.31777,1.6673,1.5402,0.78713,0.41883,0.020585
-0.37053,-0.47175,-0.73204,-0.23937,-0.44449,2.4784,0.61073,-0.26254,-0.16452,-0.60203,-0.49867,0.33191,-1.3299
1.1606,-0.47175,1.0055,-0.23937,1.2599,-1.967,1.0803,-1.0342,1.6673,1.5402,0.78713,0.17379,2.4816
-0.41042,3.1748,-1.0314,-0.23937,-1.0967,0.3345,-1.4343,2.2617,-0.62248,-0.33948,-0.26906,0.38712,-0.88202
-0.39866,1.4588,-1.135,-0.23937,-1.0271,0.39077,-1.3857,0.37853,-0.50799,-0.059023,-1.5089,0.28226,-1.1316
-0.4023,0.98688,-0.7481,-0.23937,-1.0619,0.30496,-1.7578,0.81745,-0.27901,-0.47075,-1.0956,0.29068,-0.56174
-0.4046,-0.47175,2.1079,-0.23937,0.22508,-0.38576,0.52726,-0.74573,-0.85146,-1.3121,0.28199,0.22573,0.21469
-0.41082,2.9603,-1.3438,-0.23937,-1.0445,0.50191,-1.3648,2.1709,-0.62248,-0.76314,-0.68236,0.37083,-0.93332
2.0075,-0.47175,1.0055,-0.23937,1.6077,-0.64742,0.81593,-0.90289,1.6673,1.5402,0.78713,0.37641,1.3017
-0.40857,0.60077,-0.92769,-0.23937,-1.1227,-0.15646,-0.77352,0.77427,-0.62248,-0.75717,0.23607,0.36755,-0.72257
-0.38403,-0.47175,1.5589,-0.23937,0.59899,-0.82327,0.94114,-0.93985,-0.62248,0.17369,1.2463,0.38363,0.61955
0.57336,-0.47175,1.0055,4.1673,1.8686,-0.093156,0.98984,-0.78141,1.6673,1.5402,0.78713,0.22639,0.6764
-0.39282,-0.47175,-0.22245,-0.23937,0.25986,-0.85563,-1.3961,-0.46045,-0.3935,-0.10079,0.32791,0.39653,0.6764
-0.39608,0.60077,-0.88827,-0.23937,-0.88796,-0.75575,-0.095306,1.6401,-0.16452,-0.73927,0.55752,0.41643,0.059407
-0.35534,-0.47175,-0.73204,4.1673,-0.4184,0.49628,0.26293,0.17985,-0.16452,-0.60203,-0.49867,0.34361,-0.44112
-0.40947,-0.47175,-0.605,-0.23937,-0.74883,0.20086,0.3464,0.56853,-0.85146,-0.98989,-0.31499,0.436,-0.49658
-0.4084,0.38627,-1.1511,-0.23937,-0.97579,0.97036,-1.1039,0.70025,-0.50799,-1.145,-1.6467,0.38494,-1.1274
-0.34933,-0.47175,-0.73204,-0.23937,-0.4184,2.8962,0.15163,0.032943,-0.16452,-0.60203,-0.49867,0.31583,-1.4214
-0.40347,-0.47175,0.39518,-0.23937,-1.0271,-0.37873,-0.92655,0.82267,-0.62248,-0.70943,-1.1416,0.436,-0.32188
-0.40862,3.6038,-1.246,-0.23937,-1.2088,2.2154,-1.2431,0.64013,-0.62248,-1.0973,-1.7385,0.39095,-1.2356
-0.40374,2.1023,-1.3906,-0.23937,-1.2532,0.42313,-1.1491,3.2937,-0.62248,0.01855,-0.08538,0.15039,-1.0026
-0.40871,-0.47175,-0.87951,-0.23937,-0.34883,-0.57568,-0.78743,0.6938,-0.50799,-1.0973,0.78713,0.436,-0.40507
0.20939,-0.47175,1.0055,-0.23937,1.6077,-0.083309,1.0803,-0.83712,1.6673,1.5402,0.78713,0.42277,0.53636
-0.40574,1.2443,-0.70137,4.1673,-0.94014,0.7706,-1.4378,0.51903,-0.62248,-0.91828,-0.40683,0.39828,-1.187
-0.32624,0.38627,-1.0576,-0.23937,0.79899,1.0351,0.54465,-0.77634,-0.50799,-0.85861,-2.5192,0.29571,0.28679
-0.35271,-0.47175,1.5589,-0.23937,0.59899,-0.17897,1.0072,-0.99661,-0.62248,0.17369,1.2463,0.436,0.79563
-0.31576,-0.47175,1.5589,-0.23937,0.59899,-0.90205,0.89593,-0.84894,-0.62248,0.17369,1.2463,0.436,0.779
-0.39407,-0.47175,-0.55974,-0.23937,-0.54014,0.20789,-0.57875,0.36605,-0.50799,-0.72137,0.5116,0.436,-0.76556
-0.40905,-0.47175,-0.99632,-0.23937,-0.98362,-0.3717,-0.71092,2.0141,-0.73697,-0.33351,0.14423,0.31288,-0.30385
-0.39074,-0.47175,-0.09104,-0.23937,-0.57492,-0.13536,-0.92307,0.083716,-0.62248,-0.78104,0.052384,0.40025,-0.45082
-0.40371,1.2443,-0.70137,-0.23937,-0.94014,0.28667,-1.2813,0.1762,-0.62248,-0.91828,-0.40683,0.436,-0.76694
-0.0088028,-0.47175,1.0055,-0.23937,1.8686,-1.2889,0.9481,-0.79024,1.6673,1.5402,0.78713,0.25985,-0.35099
-0.40537,2.5313,-1.3102,-0.23937,-1.3488,0.093945,-1.6987,1.926,-0.50799,-0.29771,-1.6926,0.12262,-1.0747
-0.27271,-0.47175,1.2216,4.1673,0.43378,-0.039699,0.82289,-0.93506,-0.50799,-0.029187,-1.7385,-0.19798,-1.0013
-0.40762,2.5313,-1.3102,-0.23937,-1.3488,0.83391,-0.74917,1.926,-0.50799,-0.29771,-1.6926,0.36996,-0.92223
0.4383,-0.47175,1.0055,-0.23937,1.3729,0.032047,0.51335,-0.46781,1.6673,1.5402,0.78713,-0.92741,0.48645
-0.35319,0.38627,-1.0576,-0.23937,0.79899,1.301,0.44726,-0.78621,-0.50799,-0.85861,-2.5192,0.39117,-0.43418
0.49482,-0.47175,1.0055,4.1673,0.9816,-0.56724,0.71855,-1.2524,1.6673,1.5402,0.78713,-0.1,-0.53263
-0.38623,-0.47175,-0.22245,-0.23937,0.25986,-0.36466,-0.12661,-0.64528,-0.3935,-0.10079,0.32791,0.436,0.027518
-0.39332,-0.47175,-0.09104,4.1673,-0.57492,-0.44766,0.8055,0.051307,-0.62248,-0.78104,0.052384,0.39609,0.63064
-0.37974,-0.47175,-0.73204,-0.23937,-0.44449,1.9804,-1.8065,-0.1869,-0.16452,-0.60203,-0.49867,0.22398,-1.2203
1.6519,-0.47175,1.0055,-0.23937,0.36421,-2.3215,1.0803,-1.0511,1.6673,1.5402,0.78713,-3.5891,3.0015
-0.3563,-0.47175,-0.73204,-0.23937,-0.4184,1.519,0.092507,0.17985,-0.16452,-0.60203,-0.49867,0.36132,-1.108
-0.39807,-0.47175,-0.38745,-0.23937,-0.30536,-0.21273,0.56552,-0.78132,-0.50799,-0.14256,1.1086,0.3353,0.18974
-0.39362,0.60077,-0.88827,-0.23937,-0.88796,-0.43922,0.85071,1.447,-0.16452,-0.73927,0.55752,0.23022,0.23826
-0.4032,-0.47175,-1.046,-0.23937,-0.39231,-0.58975,-0.0083558,-0.50634,-0.50799,-0.66767,-0.86604,0.39587,-0.42725
-0.39345,-0.47175,-0.22245,-0.23937,0.25986,-0.80358,-0.51962,-0.65828,-0.3935,-0.10079,0.32791,0.436,-0.098653
1.3297,-0.47175,1.0055,-0.23937,1.0077,0.3753,1.049,-1.0675,1.6673,1.5402,0.78713,0.436,1.1589
-0.38779,0.064511,-0.48819,-0.23937,-0.27057,0.13896,0.88202,1.2232,-0.50799,-0.57816,-1.5089,0.38811,1.0715
0.055188,-0.47175,1.0055,-0.23937,1.8686,-0.23383,0.42987,-0.59783,1.6673,1.5402,0.78713,0.36865,-0.0071447
1.1145,-0.47175,1.0055,-0.23937,1.3729,-0.098783,0.90636,-0.73396,1.6673,1.5402,0.78713,-2.8035,0.33948
0.35159,-0.47175,1.0055,-0.23937,1.2599,-0.79514,0.97592,-0.87428,1.6673,1.5402,0.78713,0.40899,0.60846
-0.40231,0.81528,-0.91747,-0.23937,-1.1054,0.46111,-0.93003,1.1488,-0.3935,-0.6438,-0.86604,0.29254,-0.74199
-0.39615,-0.47175,-0.38745,-0.23937,-0.30536,0.63133,0.38118,-0.47032,-0.50799,-0.14256,1.1086,0.4126,-0.45775
-0.40515,-0.47175,-1.046,-0.23937,-0.39231,0.37671,-1.2465,-0.30211,-0.50799,-0.66767,-0.86604,0.37105,-1.0248
-0.40025,-0.47175,2.4131,-0.23937,0.46856,-0.41531,0.50639,-0.78725,-0.62248,1.8087,0.7412,0.436,0.087137
0.44786,-0.47175,1.0055,-0.23937,0.86856,-0.097376,-0.12313,-0.38225,1.6673,1.5402,0.78713,0.436,0.069112
-0.38726,-0.47175,-0.09104,-0.23937,-0.57492,0.067216,-0.57179,0.27803,-0.62248,-0.78104,0.052384,0.4138,-0.24285
-0.38863,-0.47175,-0.09104,4.1673,-0.57492,-0.6629,-0.52658,-0.055221,-0.62248,-0.78104,0.052384,0.37083,0.45872
-0.40148,-0.47175,-1.2781,-0.23937,-0.58362,0.40062,0.92723,-0.43749,-0.73697,-1.2823,-0.31499,0.436,-0.9763
4.1451,-0.47175,1.0055,-0.23937,1.199,-1.0512,0.57247,-1.0257,1.6673,1.5402,0.78713,-0.30141,2.0324
1.7917,-0.47175,1.0055,-0.23937,1.2599,-2.6872,0.7742,-1.1054,1.6673,1.5402,0.78713,-0.77848,2.483
-0.40278,0.064511,-0.48819,-0.23937,-0.27057,-0.37451,-0.081394,0.8501,-0.50799,-0.57816,-1.5089,0.42179,-0.040421
1.1701,-0.47175,1.0055,-0.23937,1.6077,0.25713,0.84724,-0.83817,1.6673,1.5402,0.78713,-3.6033,0.73879
0.39603,-0.47175,1.0055,-0.23937,1.0773,-0.11988,0.31858,-0.86996,1.6673,1.5402,0.78713,-2.8462,1.2199
-0.39907,-0.47175,-1.2153,-0.23937,-0.95753,0.48784,-0.38746,-0.12991,-0.85146,-0.78701,-0.22314,0.010434,-0.84181
-0.40726,-0.47175,0.10462,-0.23937,0.15551,-0.34919,0.41248,-0.59977,-0.96595,-0.80491,1.1545,0.436,-0.67127
0.20002,-0.47175,1.0055,-0.23937,1.3729,0.22196,0.65942,-0.68955,1.6673,1.5402,0.78713,-2.8083,0.48506
-0.40118,0.81528,-0.91747,-0.23937,-1.1054,0.11223,-0.55788,1.55,-0.3935,-0.6438,-0.86604,0.17194,-0.20819
-0.048,-0.47175,1.2216,4.1673,2.7468,-1.2312,1.0803,-1.1613,-0.50799,-0.029187,-1.7385,0.436,1.9547
-0.37517,0.47207,-0.78168,-0.23937,-1.0793,-0.23946,-1.1839,2.034,-0.27901,-0.46478,0.28199,0.36252,-0.4938
-0.40241,-0.47175,-0.058917,-0.23937,-1.2358,-0.29995,-2.1265,0.72046,-0.62248,-0.61396,0.32791,0.3705,-0.99849
-0.36331,-0.47175,-0.73204,4.1673,-0.4184,0.62993,-0.084872,-0.055553,-0.16452,-0.60203,-0.49867,0.034709,-0.6477
0.23196,-0.47175,1.0055,-0.23937,1.199,0.17835,0.94114,-0.99276,1.6673,1.5402,0.78713,0.436,0.9218
-0.40854,0.38627,-1.1511,-0.23937,-0.97579,2.1689,-0.15443,0.43927,-0.50799,-1.145,-1.6467,0.33114,-1.2425
-0.40833,2.9603,-1.4154,-0.23937,-1.3141,1.4008,-1.0657,1.6798,-0.85146,-0.47075,-2.7029,0.38461,-0.84597
-0.40098,1.2443,-0.70137,4.1673,-0.94014,1.391,-0.69353,0.48316,-0.62248,-0.91828,-0.40683,0.35235,-0.925
0.75871,-0.47175,1.0055,-0.23937,1.6077,0.25432,0.89941,-0.84514,1.6673,1.5402,0.78713,-3.433,1.561
-0.35353,-0.47175,-0.73204,-0.23937,-0.44449,-0.41812,-0.029224,-0.046253,-0.16452,-0.60203,-0.49867,0.23317,-0.14857
-0.40572,-0.47175,-0.87951,-0.23937,-0.34883,-0.43641,-0.36311,0.49502,-0.50799,-1.0973,0.78713,0.436,-0.47578
0.41347,-0.47175,1.0055,-0.23937,1.3729,0.19523,1.0211,-0.75162,1.6673,1.5402,0.78713,-0.57751,0.91349
-0.407,0.42917,-0.8138,-0.23937,-1.0097,-0.39421,-1.6535,1.4452,-0.62248,-0.98392,-0.7742,0.436,-0.59502
-0.12324,-0.47175,-0.19179,-0.23937,-0.096659,-1.8361,-1.0831,-0.59294,-0.62248,-0.61993,-0.039458,-0.071902,-0.011304
0.097504,-0.47175,1.0055,-0.23937,0.51204,0.98725,-0.046614,-0.58653,1.6673,1.5402,0.78713,0.19304,-0.14718
-0.39984,-0.47175,-1.2153,-0.23937,-0.95753,-0.16209,0.022946,-0.12991,-0.85146,-0.78701,-0.22314,0.38056,-0.19155
-0.39147,0.47207,-0.78168,-0.23937,-1.0793,-0.94707,0.043814,1.9863,-0.27901,-0.46478,0.28199,0.35104,0.79563
-0.39443,0.47207,-0.78168,-0.23937,-1.0793,0.21774,-0.69005,1.9253,-0.27901,-0.46478,0.28199,0.19337,-0.44389
0.16842,-0.47175,1.0055,-0.23937,1.2599,-0.31965,0.47161,-0.75978,1.6673,1.5402,0.78713,0.2335,0.83723
-0.40193,1.2443,-0.70137,-0.23937,-0.94014,0.80999,-0.90916,0.23646,-0.62248,-0.91828,-0.40683,0.436,-1.3507
-0.024519,-0.47175,1.2216,4.1673,2.7468,-0.17756,0.47509,-0.96016,-0.50799,-0.029187,-1.7385,-2.9415,0.31868
-0.36772,-0.47175,-0.73204,4.1673,-0.4184,-0.16068,0.77768,-0.34211,-0.16452,-0.60203,-0.49867,0.41785,1.2116
-0.40574,0.38627,-1.1511,4.1673,-0.97579,1.9227,-0.66918,0.68469,-0.50799,-1.145,-1.6467,0.21917,-1.3465
-0.40822,1.7806,-0.86053,-0.23937,-1.3054,-0.097376,-1.3091,1.6837,-0.3935,-0.68557,-0.86604,0.436,-0.77387
1.4325,-0.47175,1.0055,-0.23937,1.2599,-1.4085,1.0142,-1.1117,1.6673,1.5402,0.78713,0.436,2.508
-0.37627,-0.47175,1.5589,-0.23937,0.59899,-0.6418,0.92027,-0.61643,-0.62248,0.17369,1.2463,0.34623,0.32007
-0.25187,-0.47175,1.2216,-0.23937,0.43378,1.7033,0.76029,-0.85321,-0.50799,-0.029187,-1.7385,0.19031,-1.524
-0.37198,0.47207,-0.78168,-0.23937,-1.0793,2.7865,-2.1056,2.4379,-0.27901,-0.46478,0.28199,0.436,-1.273
-0.39366,-0.47175,-0.62837,-0.23937,-0.93144,-0.83875,-1.2222,0.63178,-0.73697,-1.0436,-0.26906,0.436,-0.34822
2.7324,-0.47175,1.0055,-0.23937,0.36421,-1.5801,1.0803,-1.0342,1.6673,1.5402,0.78713,-1.597,1.0202
0.30513,-0.47175,1.0055,4.1673,0.65986,1.0379,0.99331,-1.2179,1.6673,1.5402,0.78713,0.38297,-1.3534
0.61243,-0.47175,1.0055,-0.23937,1.0773,0.14318,0.92723,-0.85449,1.6673,1.5402,0.78713,-3.2399,1.5748
-0.40133,-0.47175,0.23603,-0.23937,-1.0271,0.0010976,0.19337,0.13439,-0.50799,-0.059023,0.098306,0.18189,-0.1042
-0.40645,0.94398,-1.319,-0.23937,-0.72275,0.47518,-0.37703,-0.18932,-0.27901,-1.1092,-0.039458,0.39729,-0.52569
-0.32437,-0.47175,-0.44877,-0.23937,-0.14883,-1.1567,-1.1248,0.013061,-0.62248,-0.60203,1.1545,-0.74393,-0.14302
-0.30399,-0.47175,-0.44877,-0.23937,-0.14883,-0.65446,1.0803,0.1548,-0.62248,-0.60203,1.1545,0.4102,0.99252
-0.38481,-0.47175,-0.09104,-0.23937,-0.57492,-0.69666,0.13076,0.27803,-0.62248,-0.78104,0.052384,0.35432,0.74017
-0.40565,1.2443,-1.4548,-0.23937,-1.0967,0.29793,-0.85351,2.3835,-0.96595,-0.43495,0.55752,0.436,-0.93471
2.1828,-0.47175,1.0055,-0.23937,1.0077,0.14318,0.9481,-1.1307,1.6673,1.5402,0.78713,0.436,1.5208
0.28914,-0.47175,1.0055,-0.23937,0.25117,-0.16349,0.98984,-0.74165,1.6673,1.5402,0.78713,-0.59336,1.5776
-0.32572,-0.47175,-0.19179,-0.23937,-0.096659,-0.21977,-0.56136,-0.53557,-0.62248,-0.61993,-0.039458,0.436,-0.93471
-0.39552,0.60077,-0.88827,-0.23937,-0.88796,-0.18741,-1.3822,1.9198,-0.16452,-0.73927,0.55752,0.36799,-0.8127
-0.39141,-0.47175,-0.55974,-0.23937,-0.54014,0.21493,-1.8865,0.78149,-0.50799,-0.72137,0.5116,0.40079,-1.0595
-0.39993,-0.47175,0.3908,4.1673,-0.044485,0.13333,0.81593,-0.1925,-0.50799,-0.78701,-0.95788,0.40145,-0.30801
0.64061,-0.47175,1.0055,-0.23937,1.199,0.17694,1.0803,-1.0107,1.6673,1.5402,0.78713,0.20867,1.0521
-0.40857,2.9603,-1.1058,-0.23937,-1.4184,-0.56583,-1.7335,2.5867,-0.96595,-0.55429,-0.95788,0.41719,-0.48133
-0.38897,0.47207,-0.78168,-0.23937,-1.0793,0.22477,-2.0882,1.7214,-0.27901,-0.46478,0.28199,0.21917,-1.2661
-0.3984,0.064511,-0.75102,-0.23937,-1.2706,-0.55317,-1.25,1.295,-0.62248,-0.37528,0.19015,0.436,-0.5451
-0.40775,2.9603,-1.3584,-0.23937,-1.2358,-0.86547,-1.6361,3.2346,-0.62248,-0.44092,1.6137,0.28183,-0.6477
-0.39392,-0.47175,2.1079,-0.23937,0.22508,-0.41109,0.67681,-0.84277,-0.85146,-1.3121,0.28199,0.3061,0.28956
0.61135,-0.47175,1.0055,-0.23937,1.3729,-0.13114,1.035,-0.71527,1.6673,1.5402,0.78713,0.436,0.74988
-0.40735,2.9603,-1.4154,-0.23937,-1.3141,1.1659,-1.1248,1.6798,-0.85146,-0.47075,-2.7029,-0.029695,-0.57006
-0.40335,-0.47175,-1.2781,-0.23937,-0.58362,-0.94847,0.72551,-0.37063,-0.73697,-1.2823,-0.31499,0.37149,0.17449
-0.3521,0.38627,-1.0576,-0.23937,0.79899,1.3052,0.78811,-0.87257,-0.50799,-0.85861,-2.5192,0.33748,-0.64077
1.0537,-0.47175,1.0055,-0.23937,1.199,-0.55036,0.89593,-0.9428,1.6673,1.5402,0.78713,0.436,0.50308
-0.40003,0.81528,-0.91747,-0.23937,-1.1054,0.87048,-0.50919,1.2181,-0.3935,-0.6438,-0.86604,0.37422,-0.186
1.2363,-0.47175,1.0055,-0.23937,0.51204,-1.3705,0.98636,-0.79162,1.6673,1.5402,0.78713,-0.082508,1.6899
1.7395,-0.47175,1.0055,-0.23937,1.0077,1.4557,1.0072,-1.1638,1.6673,1.5402,0.78713,0.436,0.099615
-0.40919,-0.47175,-1.319,-0.23937,-0.84449,0.21352,-0.35616,1.0882,-0.73697,-1.1092,0.098306,0.4056,-1.0415
-0.38505,-0.47175,1.5589,-0.23937,0.59899,-0.59256,1.0177,-0.99665,-0.62248,0.17369,1.2463,0.38286,1.1922
-0.35464,-0.47175,-0.73204,-0.23937,-0.44449,3.4421,0.489,-0.415,-0.16452,-0.60203,-0.49867,0.27308,-1.1219
-0.37503,-0.47175,-0.55974,-0.23937,-0.54014,0.19242,-1.0031,0.4518,-0.50799,-0.72137,0.5116,0.436,-0.9153
-0.41031,2.9603,-1.3803,-0.23937,-1.4793,-0.067834,-1.3022,2.5245,-0.96595,-0.99585,-0.1313,-0.16867,0.028904
2.3362,-0.47175,1.0055,-0.23937,1.199,-0.40968,1.0803,-1.0345,1.6673,1.5402,0.78713,0.436,1.9478
-0.39699,-0.47175,0.39518,-0.23937,-1.0271,-0.68681,-0.3805,1.2105,-0.62248,-0.70943,-1.1416,0.436,0.43237
-0.39828,-0.47175,0.39518,-0.23937,-1.0271,0.5624,-1.3161,1.0399,-0.62248,-0.70943,-1.1416,0.436,-0.8945
-0.10741,-0.47175,1.2216,-0.23937,2.7468,-1.9346,1.0037,-1.1498,-0.50799,-0.029187,-1.7385,0.436,2.2972
-0.28155,-0.47175,1.5589,-0.23937,0.59899,0.067216,1.0003,-0.71081,-0.62248,0.17369,1.2463,0.436,-0.063991
-0.41098,2.7458,-1.0533,-0.23937,-1.2619,-0.54895,-0.74222,1.6849,-0.73697,0.36464,1.2004,0.436,0.28818
0.54415,-0.47175,1.0055,-0.23937,1.199,0.2712,1.0385,-0.96956,1.6673,1.5402,0.78713,0.3822,0.60984
-0.39381,0.064511,-0.48819,-0.23937,-0.27057,-0.38576,0.58986,1.3396,-0.50799,-0.57816,-1.5089,0.32458,0.60707
-0.40627,1.2443,-0.70137,4.1673,-0.94014,0.67494,-1.2535,0.14645,-0.62248,-0.91828,-0.40683,0.436,-1.2744
0.18467,-0.47175,1.0055,-0.23937,1.3729,0.53004,1.0177,-0.67085,1.6673,1.5402,0.78713,-0.018979,0.69442
-0.40931,0.72948,0.55872,-0.23937,-0.79231,-0.094563,-1.3926,-0.04891,-0.62248,-0.82281,-0.1313,0.42977,-0.90282
0.4295,-0.47175,1.0055,-0.23937,1.199,-0.74731,1.042,-1.0134,1.6673,1.5402,0.78713,0.39445,0.99806
-0.40786,0.72948,0.55872,-0.23937,-0.79231,0.2304,-0.53354,-0.04891,-0.62248,-0.82281,-0.1313,0.41533,-0.63245
0.67673,-0.47175,1.0055,-0.23937,1.6077,-0.038292,0.96201,-0.74545,1.6673,1.5402,0.78713,0.34437,0.51556
0.6316,-0.47175,1.0055,-0.23937,1.3729,0.63274,0.87506,-0.60399,1.6673,1.5402,0.78713,-3.8308,0.8303
-0.15853,-0.47175,1.2216,-0.23937,0.43378,-0.5602,0.98636,-0.65496,-0.50799,-0.029187,-1.7385,-0.097269,-0.09588
-0.39234,-0.47175,2.4131,-0.23937,0.46856,-1.2158,1.0211,-0.95547,-0.62248,1.8087,0.7412,-0.14188,1.5596
-0.39715,-0.47175,-0.38745,-0.23937,-0.30536,-0.15646,0.73246,-0.63963,-0.50799,-0.14256,1.1086,0.38997,-0.054285
-0.40278,-0.47175,-0.058917,-0.23937,-1.2358,0.19523,-2.1682,0.72046,-0.62248,-0.61396,0.32791,0.292,-0.83211
-0.37786,-0.47175,-0.73204,-0.23937,-0.44449,2.7964,0.32553,-0.415,-0.16452,-0.60203,-0.49867,0.30643,-1.1898
-0.34771,-0.47175,1.5589,-0.23937,0.59899,0.13193,1.0072,-0.68404,-0.62248,0.17369,1.2463,0.31419,-0.22205
-0.37123,-0.47175,-0.09104,4.1673,-0.57492,-1.2298,0.68377,-0.049337,-0.62248,-0.78104,0.052384,0.41785,1.561
-0.39658,-0.47175,-0.17573,-0.23937,-0.070572,-0.76981,-0.13009,-0.47915,-0.3935,0.14386,-0.31499,0.37696,0.12319
0.66561,-0.47175,1.0055,-0.23937,1.0077,0.72559,1.0385,-1.144,1.6673,1.5402,0.78713,0.436,1.1811
-0.32764,-0.47175,-0.44877,-0.23937,-0.14883,0.30496,0.88549,0.32539,-0.62248,-0.60203,1.1545,0.33803,0.01088
-0.4034,-0.47175,0.39518,-0.23937,-1.0271,-0.21273,-1.7578,0.82267,-0.62248,-0.70943,-1.1416,0.436,-0.57422
-0.39596,-0.47175,2.1079,-0.23937,0.22508,-0.59397,0.97592,-0.86578,-0.85146,-1.3121,0.28199,0.14526,1.7592
0.27761,-0.47175,1.0055,-0.23937,1.6077,0.088318,0.95505,-0.80524,1.6673,1.5402,0.78713,-0.42661,0.70274
-0.40571,-0.47175,-0.99632,-0.23937,-0.98362,-0.53488,-0.57875,2.0141,-0.73697,-0.33351,0.14423,0.082929,-0.0071447
1.3281,-0.47175,1.0055,-0.23937,1.0773,-0.5377,0.92027,-0.8823,1.6673,1.5402,0.78713,-3.8199,1.6178
-0.40491,-0.47175,-1.2781,-0.23937,-0.58362,-0.18882,-0.23443,-0.55569,-0.73697,-1.2823,-0.31499,0.436,-0.4536
-0.41104,1.0298,-1.4154,-0.23937,-0.98362,1.3544,-0.68309,1.5511,-0.96595,-0.73927,-1.3712,0.41238,-1.0026
3.7207,-0.47175,1.0055,-0.23937,1.0773,-0.10722,0.33945,-0.90446,1.6673,1.5402,0.78713,-3.6981,0.24936
-0.38938,0.38627,-1.1511,-0.23937,-0.97579,0.75091,-1.2778,0.15741,-0.50799,-1.145,-1.6467,0.436,-1.0914
-0.24576,-0.47175,1.2216,4.1673,0.43378,2.9497,0.8681,-0.76253,-0.50799,-0.029187,-1.7385,0.34361,-1.3035
-0.34362,-0.47175,-0.44877,-0.23937,-0.14883,-0.62492,-0.43267,0.34622,-0.62248,-0.60203,1.1545,0.422,-0.58947
-0.27996,-0.47175,1.2216,-0.23937,0.43378,-0.56724,0.89245,-0.63731,-0.50799,-0.029187,-1.7385,-0.70785,0.23688
-0.40488,1.4588,-1.135,-0.23937,-1.0271,0.64821,-1.3265,1.2863,-0.50799,-0.059023,-1.5089,0.35738,-1.1136
-0.40559,-0.47175,0.10462,-0.23937,0.15551,0.44282,0.0055562,-0.6123,-0.96595,-0.80491,1.1545,0.38231,-0.42309
-0.41103,3.3893,-1.4592,-0.23937,-1.3227,1.3657,-1.6361,2.3382,-0.50799,-1.0854,-0.26906,0.42539,-1.0969
0.32477,-0.47175,1.0055,-0.23937,1.3729,0.66228,0.82289,-0.68585,1.6673,1.5402,0.78713,-3.9004,0.65421
0.65471,-0.47175,1.0055,-0.23937,1.6077,0.17976,0.98288,-0.80851,1.6673,1.5402,0.78713,0.31638,0.9426
-0.3959,-0.47175,-0.17573,-0.23937,-0.070572,-0.36185,0.47509,-0.48475,-0.3935,0.14386,-0.31499,0.40987,-0.33574
-0.39803,-0.47175,-0.17573,-0.23937,-0.070572,-0.1438,0.12381,-0.49296,-0.3935,0.14386,-0.31499,0.39664,-0.094494
0.21397,-0.47175,1.0055,-0.23937,-0.20101,0.66369,0.20728,-0.20749,1.6673,1.5402,0.78713,0.39412,-0.69069
-0.39705,-0.47175,-0.09104,-0.23937,-0.57492,0.13615,-1.2744,0.083716,-0.62248,-0.78104,0.052384,0.31474,-0.4633
-0.15135,-0.47175,1.2216,-0.23937,2.7468,-0.20851,1.0803,-1.115,-0.50799,-0.029187,-1.7385,-2.0132,2.0906
-0.35315,0.38627,-1.0576,-0.23937,0.17291,1.6766,-0.56832,-0.42563,-0.50799,-0.85861,-2.5192,0.36383,-1.3257
0.47161,-0.47175,1.0055,-0.23937,0.25117,-1.1975,0.92027,-0.63545,1.6673,1.5402,0.78713,-0.048611,0.75127
1.2969,-0.47175,1.0055,-0.23937,0.21638,-0.49549,0.071639,-0.40835,1.6673,1.5402,0.78713,0.12809,0.74988
1.6176,-0.47175,1.0055,-0.23937,0.9816,-3.0108,1.0803,-1.2489,1.6673,1.5402,0.78713,0.436,3.5007
-0.40771,0.42917,-0.8138,-0.23937,-1.0097,-0.22961,-0.2066,1.4452,-0.62248,-0.98392,-0.7742,0.40396,-0.45637
-0.41147,3.3893,-1.2037,-0.23937,-1.3488,1.1392,-1.6743,1.679,-0.96595,-0.7333,-1.463,0.41216,-0.67543
-0.11243,-0.47175,1.2216,-0.23937,2.7468,-0.95832,0.90288,-1.0645,-0.50799,-0.029187,-1.7385,-0.056593,1.2102
-0.4075,-0.47175,0.10462,-0.23937,0.15551,-0.22258,0.26989,-0.70298,-0.96595,-0.80491,1.1545,0.436,-0.5049
2.0674,-0.47175,1.0055,-0.23937,1.2599,-1.7982,0.71507,-1.0679,1.6673,1.5402,0.78713,0.436,2.6716
-0.40626,-0.47175,-1.1394,-0.23937,-0.57492,1.0252,0.60378,-0.16479,-0.85146,-0.82281,-0.31499,0.436,-1.0013
4.6079,-0.47175,1.0055,-0.23937,1.199,-2.4748,1.0803,-1.0016,1.6673,1.5402,0.78713,-2.9387,3.3634
-0.40203,-0.47175,0.23603,-0.23937,-1.0271,0.010945,-0.83265,0.34811,-0.50799,-0.059023,0.098306,0.28653,-0.52431
-0.40296,1.4588,-1.135,-0.23937,-1.0271,1.2658,-1.483,1.2863,-0.50799,-0.059023,-1.5089,0.36591,-1.3659
-0.349,0.38627,-1.0576,-0.23937,0.17291,2.84,-0.067482,-0.63935,-0.50799,-0.85861,-2.5192,0.30085,-0.73228
-0.25731,-0.47175,1.2216,4.1673,2.7468,-0.20992,0.94114,-0.95831,-0.50799,-0.029187,-1.7385,-0.3937,0.33255
-0.40689,-0.47175,-0.87951,-0.23937,-0.34883,0.053148,-1.0726,1.2762,-0.50799,-1.0973,0.78713,0.35738,-0.9763
-0.40696,1.0298,-0.75248,-0.23937,-1.0193,-0.80498,-1.41,1.3627,-0.96595,-0.61993,-0.72828,0.40451,-0.040421
-0.10317,-0.47175,1.0055,-0.23937,-0.20101,-0.7262,-0.99611,0.15627,1.6673,1.5402,0.78713,0.39248,-0.31911
0.20978,-0.47175,1.0055,4.1673,0.65986,0.56943,0.96897,-1.1447,1.6673,1.5402,0.78713,0.20015,-1.2467
-0.37916,-0.47175,-0.55974,-0.23937,-0.54014,0.047521,-1.3926,0.78149,-0.50799,-0.72137,0.5116,0.436,-0.91114
-0.40718,2.9603,-1.1058,-0.23937,-1.4184,-0.23946,-1.2848,2.5867,-0.96595,-0.55429,-0.95788,0.39215,-0.8529
-0.40795,0.60077,-0.92769,-0.23937,-1.1227,0.63133,-1.2326,0.77427,-0.62248,-0.75717,0.23607,0.436,-1.0304
-0.40947,-0.47175,-0.605,-0.23937,-0.74883,1.2756,-0.27269,0.56853,-0.85146,-0.98989,-0.31499,0.3915,-1.2051
-0.30534,-0.47175,1.5589,-0.23937,0.59899,-0.73324,1.0246,-0.67522,-0.62248,0.17369,1.2463,-1.0307,0.63619
-0.40177,-0.47175,-0.76708,-0.23937,-0.48796,-0.61507,-0.26225,-0.18557,-0.50799,-0.76911,0.32791,0.22453,-0.18184
-0.40859,0.98688,-0.7481,-0.23937,-1.0619,0.4386,-0.99263,0.81745,-0.27901,-0.47075,-1.0956,0.42343,-0.44666
-0.3404,0.38627,-1.0576,-0.23937,0.79899,0.79311,1.0803,-0.83432,-0.50799,-0.85861,-2.5192,0.38166,-0.80715
-0.37412,-0.47175,-0.19179,-0.23937,-0.096659,-0.43078,0.26989,-0.31625,-0.62248,-0.61993,-0.039458,0.42878,-0.3815
-0.40077,2.9603,-1.3584,-0.23937,-1.2358,-0.48143,-1.7195,3.2346,-0.62248,-0.44092,1.6137,0.20791,-0.99155
-0.40944,2.7458,-1.2066,-0.23937,-1.1054,0.44564,-1.6395,0.77446,-0.73697,-0.93022,-0.08538,0.42211,-1.1649
-0.17661,-0.47175,1.2216,-0.23937,2.7468,-0.80076,1.0281,-1.0182,-0.50799,-0.029187,-1.7385,-1.0396,0.42544
-0.38301,-0.47175,-0.22245,-0.23937,0.25986,-0.68119,0.057726,-0.4158,-0.3935,-0.10079,0.32791,0.436,0.19112
1.0715,-0.47175,1.0055,-0.23937,0.65986,-3.3977,1.0803,-1.0716,1.6673,1.5402,0.78713,-2.4669,0.084364
-0.38731,-0.47175,-0.62837,-0.23937,-0.93144,-0.34919,0.57595,0.91127,-0.73697,-1.0436,-0.26906,0.39051,0.84277
0.0018161,-0.47175,1.0055,-0.23937,0.86856,-0.45892,0.54813,-0.42586,1.6673,1.5402,0.78713,-3.6632,0.614
-0.36465,-0.47175,-0.09104,4.1673,-0.57492,-1.3142,1.0803,0.050311,-0.62248,-0.78104,0.052384,0.436,1.4376
-0.40328,1.4588,-1.135,-0.23937,-1.0271,1.2756,-1.0448,0.37853,-0.50799,-0.059023,-1.5089,0.436,-1.0165
-0.39154,0.47207,-0.78168,-0.23937,-1.0793,0.61867,-1.7891,1.9253,-0.27901,-0.46478,0.28199,0.40145,-0.85429
-0.3738,-0.47175,1.5589,-0.23937,0.59899,0.24728,1.0246,-0.91067,-0.62248,0.17369,1.2463,0.40517,0.25906
-0.38375,-0.47175,-0.19179,-0.23937,-0.096659,-0.35904,0.74637,-0.44366,-0.62248,-0.61993,-0.039458,0.42944,-0.13886
0.40007,-0.47175,1.0055,-0.23937,0.36421,-0.93019,1.0072,-1.0982,1.6673,1.5402,0.78713,-0.46346,1.8965
1.5722,-0.47175,1.0055,-0.23937,1.0773,0.21915,1.0803,-0.91784,1.6673,1.5402,0.78713,-3.6059,2.2639
0.064789,-0.47175,1.0055,-0.23937,0.21638,-0.15646,0.52378,-0.34904,1.6673,1.5402,0.78713,0.436,0.49477
-0.39958,0.064511,-0.48819,-0.23937,-0.27057,-0.37873,0.48552,1.1662,-0.50799,-0.57816,-1.5089,0.436,0.076045
-0.35539,0.38627,-1.0576,-0.23937,0.79899,2.982,0.78463,-0.7025,-0.50799,-0.85861,-2.5192,0.32622,-0.94441
-0.40884,-0.47175,-0.87951,-0.23937,-0.34883,-0.30839,-1.1005,0.49502,-0.50799,-1.0973,0.78713,0.42769,-0.58393
-0.0071687,-0.47175,1.0055,-0.23937,1.3729,0.13755,0.67681,-0.5703,1.6673,1.5402,0.78713,0.37619,0.26738
1.1721,-0.47175,1.0055,-0.23937,0.36421,0.80718,1.0803,-1.093,1.6673,1.5402,0.78713,-1.9427,0.97865
-0.40757,0.60077,-0.92769,-0.23937,-1.1227,0.4794,0.05077,0.77427,-0.62248,-0.75717,0.23607,0.42211,-0.76278
-0.39989,0.38627,-0.62107,-0.23937,-0.79231,0.36545,-0.35616,0.070477,-0.73697,-1.1033,0.052384,0.41479,-0.69207
-0.15252,-0.47175,1.2216,-0.23937,2.7468,-1.9023,0.93071,-1.0953,-0.50799,-0.029187,-1.7385,0.37925,2.3305
0.67582,-0.47175,1.0055,-0.23937,1.199,-0.59959,0.30814,-1.0765,1.6673,1.5402,0.78713,-0.20629,2.3915
-0.38835,-0.47175,-0.62837,-0.23937,-0.93144,-0.95129,-0.24138,1.1003,-0.73697,-1.0436,-0.26906,0.436,0.48229
-0.0093021,-0.47175,1.0055,-0.23937,0.24247,0.047521,-0.59266,0.10569,1.6673,1.5402,0.78713,0.34546,-0.29692
-0.36721,-0.47175,-0.73204,-0.23937,-0.44449,1.2447,0.38118,-0.26254,-0.16452,-0.60203,-0.49867,0.16461,-0.88202
-0.41126,1.8878,-1.3088,-0.23937,-1.4445,0.24588,-1.2883,1.679,-0.96595,-0.6438,-1.463,0.41216,-0.62275
-0.14364,-0.47175,1.2216,-0.23937,0.43378,0.17413,0.91332,-0.71484,-0.50799,-0.029187,-1.7385,-0.29507,-0.19432
-0.40521,-0.47175,-1.1642,-0.23937,-0.82709,-0.57709,-1.5004,0.68597,-0.62248,0.13192,-0.72828,0.27789,-0.3815
-0.41082,3.3893,-1.4606,4.1673,-1.3401,2.3138,-1.5352,1.0041,-0.96595,-1.2524,-2.2437,0.42091,-1.3257
-0.39504,-0.47175,-0.058917,-0.23937,-1.2358,-0.44626,-1.7891,0.72046,-0.62248,-0.61396,0.32791,0.21775,-0.39398
-0.38985,0.47207,-0.78168,-0.23937,-1.0793,-0.96395,0.26293,1.9863,-0.27901,-0.46478,0.28199,0.16909,-0.030715
-0.40476,-0.47175,-1.046,-0.23937,-0.39231,-0.36326,-0.75613,-0.10158,-0.50799,-0.66767,-0.86604,0.39587,-0.36209
9.3522,-0.47175,1.0055,-0.23937,1.0077,0.97036,0.79854,-1.1163,1.6673,1.5402,0.78713,0.436,0.62232
-0.39756,-0.47175,-0.09104,4.1673,-0.57492,-0.30136,-0.34225,0.22313,-0.62248,-0.78104,0.052384,0.26564,0.26877
-0.40452,2.1023,-1.3906,-0.23937,-1.2532,-0.55458,-1.7543,3.2937,-0.62248,0.01855,-0.08538,0.38603,-0.68375
-0.14396,-0.47175,1.2216,-0.23937,2.7468,-1.4155,0.87158,-0.96448,-0.50799,-0.029187,-1.7385,-2.9347,0.47397
-0.40743,1.7806,-0.86053,-0.23937,-1.3054,0.051741,-0.81178,1.6837,-0.3935,-0.68557,-0.86604,0.436,-0.7101
-0.40489,-0.47175,-1.319,-0.23937,-0.84449,1.2222,-0.51267,1.0882,-0.73697,-1.1092,0.098306,0.436,-1.0248
-0.3972,-0.47175,-1.046,-0.23937,-0.39231,-0.99349,0.68029,-0.55654,-0.50799,-0.66767,-0.86604,0.436,0.27293
-0.37195,-0.47175,-0.19179,-0.23937,-0.096659,0.40625,0.63856,-0.079089,-0.62248,-0.61993,-0.039458,0.42277,-0.47717
-0.39326,-0.47175,-0.76708,-0.23937,-0.48796,-0.43922,-1.3474,0.037167,-0.50799,-0.76911,0.32791,0.39806,-0.35931
-0.40878,2.7458,-1.2066,-0.23937,-1.1054,1.0491,-1.8482,0.77446,-0.73697,-0.93022,-0.08538,0.422,-1.4893
0.80659,-0.47175,1.0055,-0.23937,0.9816,-1.9304,1.0803,-1.2313,1.6673,1.5402,0.78713,0.436,3.057
-0.40381,2.9603,-0.91455,-0.23937,-1.2532,1.2236,-1.4343,0.63951,-0.62248,-0.97199,0.32791,0.436,-1.2702
-0.41095,2.9603,-1.5701,-0.23937,-1.1575,2.2463,-1.2848,0.89181,-0.62248,-0.91232,-1.8763,0.40681,-1.352
0.35822,-0.47175,1.0055,-0.23937,1.4164,-0.38295,0.9168,-0.8989,1.6673,1.5402,0.78713,-0.40507,0.41296
0.5195,-0.47175,1.0055,-0.23937,0.25117,0.098165,0.59682,-0.81439,1.6673,1.5402,0.78713,-2.9914,0.68194
0.99252,-0.47175,1.0055,-0.23937,1.6077,-0.59678,0.96201,-0.88894,1.6673,1.5402,0.78713,-1.2739,1.5346
-0.41026,3.6038,-1.246,-0.23937,-1.2088,2.47,-1.2883,0.64013,-0.62248,-1.0973,-1.7385,0.36657,-1.3645
-0.38069,-0.47175,-0.09104,-0.23937,-0.57492,-1.2186,-2.0569,-0.086112,-0.62248,-0.78104,0.052384,-0.088522,2.3333
0.77653,-0.47175,1.0055,-0.23937,1.0773,0.7087,0.76029,-0.92505,1.6673,1.5402,0.78713,-3.668,1.8119
0.36128,-0.47175,1.0055,-0.23937,0.51204,-0.24649,0.56204,-0.82906,1.6673,1.5402,0.78713,-3.8763,1.4653
0.14615,-0.47175,1.0055,-0.23937,1.3729,0.02642,0.79507,-0.66468,1.6673,1.5402,0.78713,0.30687,0.63064
-0.40912,1.8878,-1.0854,-0.23937,-0.6184,0.83813,-1.4204,1.2795,-0.50799,-0.2261,-0.40683,0.33836,-1.1247
-0.38556,-0.47175,-0.19179,-0.23937,-0.096659,-0.69807,0.095985,0.12467,-0.62248,-0.61993,-0.039458,0.436,0.44624
-0.0067472,-0.47175,1.0055,-0.23937,1.4164,-1.8502,0.78115,-0.95694,1.6673,1.5402,0.78713,-0.44826,0.17726
-0.40636,2.5313,-1.3102,-0.23937,-1.3488,1.0731,-2.05,1.926,-0.50799,-0.29771,-1.6926,0.15914,-1.1066
0.11822,-0.47175,1.0055,-0.23937,0.24247,-0.52504,-0.54745,-0.29262,1.6673,1.5402,0.78713,0.34109,-0.1763
-0.2149,-0.47175,1.2216,-0.23937,0.43378,-0.56443,0.35684,-0.63731,-0.50799,-0.029187,-1.7385,-1.4151,-0.080629
-0.15143,-0.47175,1.0055,-0.23937,0.24247,-0.57287,-0.94046,-0.021341,1.6673,1.5402,0.78713,0.14985,0.08575
-0.031184,-0.47175,1.0055,4.1673,1.4164,3.5194,0.48552,-0.88462,1.6673,1.5402,0.78713,-0.027071,-1.0304
0.010016,-0.47175,1.0055,4.1673,1.8686,0.16428,0.76724,-0.59968,1.6673,1.5402,0.78713,0.37521,0.076045
-0.3219,0.38627,-1.0576,-0.23937,0.79899,1.4754,0.88897,-0.80201,-0.50799,-0.85861,-2.5192,0.39795,-0.20403
-0.40113,0.60077,-0.88827,-0.23937,-0.88796,-0.49409,-0.75613,1.5009,-0.16452,-0.73927,0.55752,0.436,-0.48548
-0.40477,-0.47175,0.3908,-0.23937,-0.044485,0.51176,0.56204,-0.16507,-0.50799,-0.78701,-0.95788,0.39095,-0.42032
-0.38784,-0.47175,-0.22245,-0.23937,0.25986,-0.35341,0.37423,-0.603,-0.3935,-0.10079,0.32791,0.436,0.22301
-0.32022,-0.47175,-0.44877,-0.23937,-0.14883,-0.95551,0.58291,0.32534,-0.62248,-0.60203,1.1545,-0.58615,0.52527
-0.37675,-0.47175,1.5589,-0.23937,0.59899,0.21493,1.0385,-0.92837,-0.62248,0.17369,1.2463,0.436,0.36998
-0.40845,0.60077,-0.92769,-0.23937,-1.1227,0.033453,-1.2778,0.77427,-0.62248,-0.75717,0.23607,0.436,-0.83211
-0.40612,-0.47175,-1.2781,-0.23937,-0.58362,0.98725,-0.36659,-0.44603,-0.73697,-1.2823,-0.31499,0.436,-1.065
-0.16638,-0.47175,1.2216,-0.23937,0.43378,-0.59678,0.79507,-0.63916,-0.50799,-0.029187,-1.7385,0.41643,-0.14995
-0.40037,0.60077,-0.88827,-0.23937,-0.88796,0.2501,-0.039658,1.6402,-0.16452,-0.73927,0.55752,0.436,-0.83072
1.0225,-0.47175,1.0055,-0.23937,0.21638,-0.79514,-0.42572,-0.44854,1.6673,1.5402,0.78713,0.436,0.28263
-0.28883,-0.47175,1.2216,4.1673,2.7468,-1.7813,0.6629,-1.0244,-0.50799,-0.029187,-1.7385,-0.1503,-0.083402
0.1584,-0.47175,1.0055,4.1673,1.8686,-0.21273,0.50291,-0.49647,1.6673,1.5402,0.78713,0.41993,-0.17214
1.0886,-0.47175,1.0055,-0.23937,1.6077,-0.48283,0.65942,-0.92453,1.6673,1.5402,0.78713,-3.1499,2.953
-0.41059,3.3893,-1.3424,-0.23937,-1.2619,0.63274,-1.1422,3.9657,-0.50799,-1.3181,-0.68236,0.29998,-1.1399
-0.36166,-0.47175,-0.73204,-0.23937,-0.44449,1.595,0.27684,-0.046253,-0.16452,-0.60203,-0.49867,0.209,-1.0359
-0.40518,-0.47175,-1.046,-0.23937,-0.39231,0.81843,0.18989,-0.40508,-0.50799,-0.66767,-0.86604,0.37444,-0.80438
-0.36835,-0.47175,-0.19179,-0.23937,-0.096659,0.146,-0.060526,-0.11221,-0.62248,-0.61993,-0.039458,0.41752,-0.32742
-0.40807,2.9603,-1.4154,-0.23937,-1.3141,1.4191,-1.2117,1.6798,-0.85146,-0.47075,-2.7029,0.436,-1.1981
3.7964,-0.47175,1.0055,-0.23937,1.199,-1.1609,1.0803,-1.0816,1.6673,1.5402,0.78713,0.436,2.4774
-0.2651,-0.47175,1.2216,-0.23937,0.43378,-0.29855,1.0803,-0.95456,-0.50799,-0.029187,-1.7385,-0.034287,-0.87232
-0.37609,-0.47175,-0.73204,-0.23937,-0.4184,2.7696,0.05077,-0.055553,-0.16452,-0.60203,-0.49867,0.23973,-1.2162
0.90976,-0.47175,1.0055,-0.23937,0.51204,-0.88658,0.64899,-0.86256,1.6673,1.5402,0.78713,-0.71594,0.19112
-0.34335,-0.47175,-0.44877,-0.23937,-0.14883,-0.46314,-0.24834,0.44534,-0.62248,-0.60203,1.1545,0.436,-0.61859
-0.38464,-0.47175,-0.19179,-0.23937,-0.096659,-0.80639,0.30467,0.083526,-0.62248,-0.61993,-0.039458,0.43075,-0.16936
-0.40862,2.9603,-0.91455,-0.23937,-1.2532,0.81984,-1.4274,0.63951,-0.62248,-0.97199,0.32791,0.436,-1.3021
-0.39848,-0.47175,-0.62837,-0.23937,-0.93144,0.69182,-2.2969,0.92621,-0.73697,-1.0436,-0.26906,0.31036,-1.0928
0.085984,-0.47175,1.0055,-0.23937,1.8686,0.1685,0.6629,-0.59351,1.6673,1.5402,0.78713,0.19173,-0.68375
-0.25608,-0.47175,1.2216,-0.23937,2.7468,0.32606,1.0803,-0.95048,-0.50799,-0.029187,-1.7385,0.079649,-0.73921
-0.28607,-0.47175,-0.44877,-0.23937,-0.14883,-0.81202,0.90636,0.0086484,-0.62248,-0.60203,1.1545,0.019073,0.78038
-0.32888,0.38627,-1.0576,-0.23937,0.79899,-1.0104,-0.21356,-0.84581,-0.50799,-0.85861,-2.5192,0.3868,-0.31495
-0.40509,-0.47175,-1.1642,-0.23937,-0.82709,0.077063,-1.7995,0.68597,-0.62248,0.13192,-0.72828,0.19883,-0.74614
-0.40892,-0.47175,-1.319,-0.23937,-0.84449,1.0126,-0.80482,1.0882,-0.73697,-1.1092,0.098306,0.41118,-1.3562
-0.21122,-0.47175,1.2216,4.1673,0.43378,2.1436,1.0177,-0.82009,-0.50799,-0.029187,-1.7385,0.35629,-1.4976
-0.39759,0.064511,-0.75102,-0.23937,-1.2706,-0.96254,-1.1178,1.295,-0.62248,-0.37528,0.19015,0.436,0.051088
1.5483,-0.47175,1.0055,-0.23937,1.0077,-0.077682,1.0803,-1.1307,1.6673,1.5402,0.78713,0.40145,1.2559
-0.41177,0.30047,-1.3,-0.23937,-0.14883,0.4175,-0.13009,0.15233,-0.96595,-0.66767,-1.463,0.436,-1.0734
-0.40812,-0.47175,-0.87951,-0.23937,-0.34883,-0.33934,-1.1978,1.0517,-0.50799,-1.0973,0.78713,0.436,-0.65325
-0.40901,3.6038,-1.4227,-0.23937,-1.3227,0.98021,-1.8656,1.8432,-0.73697,-0.035154,-0.68236,0.436,-1.1316
-0.39591,-0.47175,2.4131,-0.23937,0.46856,-1.1595,0.82637,-0.92439,-0.62248,1.8087,0.7412,0.41621,0.74017
-0.091574,-0.47175,1.2216,-0.23937,0.43378,-0.24931,0.8368,-0.70492,-0.50799,-0.029187,-1.7385,-1.2779,-0.40368
0.9316,-0.47175,1.0055,-0.23937,0.25117,-0.6207,-0.32138,-0.84054,1.6673,1.5402,0.78713,-3.6343,0.41158
-0.39498,-0.47175,-0.62837,-0.23937,-0.93144,-0.094563,-2.1717,0.92621,-0.73697,-1.0436,-0.26906,0.40932,-0.73228
-0.39468,0.38627,-0.62107,-0.23937,-0.79231,-0.053767,-1.8308,0.31319,-0.73697,-1.1033,0.052384,0.436,-0.85013
2.3094,-0.47175,1.0055,-0.23937,1.199,-1.3072,0.94114,-0.98043,1.6673,1.5402,0.78713,0.436,0.97726
-0.40226,-0.47175,2.1079,-0.23937,0.22508,-0.44626,0.83332,-0.79816,-0.85146,-1.3121,0.28199,0.23033,0.72215
0.29473,-0.47175,1.0055,-0.23937,0.25117,0.20649,0.2038,-0.74431,1.6673,1.5402,0.78713,-2.8328,-0.09588
0.46466,-0.47175,1.0055,-0.23937,1.2599,-1.0666,1.0803,-1.0609,1.6673,1.5402,0.78713,0.436,1.6414
-0.38069,-0.47175,-0.22245,-0.23937,0.25986,-1.2495,0.13772,-0.46045,-0.3935,-0.10079,0.32791,0.436,1.1672
-0.35837,-0.47175,-0.19179,-0.23937,-0.096659,0.50191,0.47161,-0.21423,-0.62248,-0.61993,-0.039458,0.436,-1.1344
-0.36996,-0.47175,2.1079,-0.23937,0.22508,-0.93581,0.92723,-0.95461,-0.85146,-1.3121,0.28199,0.024758,2.0157
-0.40815,-0.47175,-1.1394,-0.23937,-0.57492,0.17835,0.1725,-0.32119,-0.85146,-0.82281,-0.31499,0.39937,-0.62691
-0.40524,-0.47175,-1.2781,-0.23937,-0.58362,2.0916,0.49943,-0.48779,-0.73697,-1.2823,-0.31499,0.42135,-0.71564
7.6575,-0.47175,1.0055,-0.23937,1.0773,-0.45188,1.0803,-0.93307,1.6673,1.5402,0.78713,-3.724,1.0951
0.12509,-0.47175,1.0055,-0.23937,0.65986,-1.8404,1.0803,-1.1561,1.6673,1.5402,0.78713,0.20222,-1.3118
-0.40748,-0.47175,-1.1642,-0.23937,-0.82709,-0.18882,-1.2778,0.99867,-0.62248,0.13192,-0.72828,0.12623,-0.50351
-0.27509,-0.47175,-0.44877,-0.23937,-0.14883,-0.9963,1.0142,0.013726,-0.62248,-0.60203,1.1545,0.2137,1.1506
-0.34246,-0.47175,-0.44877,-0.23937,-0.14883,-0.25634,0.54117,0.3288,-0.62248,-0.60203,1.1545,0.25143,-0.34129
-0.40273,0.42917,-0.8138,-0.23937,-1.0097,-0.44344,-0.8083,1.4452,-0.62248,-0.98392,-0.7742,0.42135,0.101
-0.40383,1.4588,-1.135,-0.23937,-1.0271,0.7087,-0.96829,0.0093127,-0.50799,-0.059023,-1.5089,0.40287,-0.83765
-0.3909,0.47207,-0.78168,-0.23937,-1.0793,-0.073461,0.35684,2.034,-0.27901,-0.46478,0.28199,0.209,-0.35654
1.2653,-0.47175,1.0055,-0.23937,1.0077,0.5216,0.84724,-1.1503,1.6673,1.5402,0.78713,0.065544,1.4584
-0.40494,-0.47175,-1.2153,-0.23937,-0.95753,1.6006,-0.22399,-0.12991,-0.85146,-0.78701,-0.22314,0.436,-0.90559
-0.15665,-0.47175,1.2216,-0.23937,2.7468,-1.5365,0.86463,-1.0626,-0.50799,-0.029187,-1.7385,-0.00039067,2.1627
-0.36029,-0.47175,-0.19179,-0.23937,-0.096659,-0.23243,-0.35268,0.11053,-0.62248,-0.61993,-0.039458,0.42867,0.0011742
-0.40642,0.94398,-1.319,-0.23937,-0.72275,1.3474,-0.96829,0.12006,-0.27901,-1.1092,-0.039458,0.40079,-0.80299
-0.40659,0.42917,-0.8138,-0.23937,-1.0097,0.32747,-1.6639,1.4452,-0.62248,-0.98392,-0.7742,0.436,-1.0318
-0.30758,-0.47175,-0.44877,-0.23937,-0.14883,-0.32527,0.69073,0.32477,-0.62248,-0.60203,1.1545,-0.55378,0.63203
0.59576,-0.47175,1.0055,-0.23937,1.2599,-1.0441,1.0803,-1.0385,1.6673,1.5402,0.78713,0.436,1.5083
-0.32641,-0.47175,-0.44877,-0.23937,-0.14883,-0.40546,0.44379,0.232,-0.62248,-0.60203,1.1545,0.32502,0.27015
-0.40837,-0.47175,-0.87951,-0.23937,-0.34883,0.044708,-1.0587,1.2762,-0.50799,-1.0973,0.78713,0.35399,-0.82795
-0.33013,-0.47175,-0.44877,-0.23937,-0.14883,-0.49831,0.87506,0.29924,-0.62248,-0.60203,1.1545,0.4079,0.49615
-0.4014,-0.47175,-0.17573,-0.23937,-0.070572,0.61445,0.44031,-0.51792,-0.3935,0.14386,-0.31499,0.42168,-0.35515
-0.39254,-0.47175,-0.55974,-0.23937,-0.54014,0.13755,-0.50919,0.36605,-0.50799,-0.72137,0.5116,0.436,-0.81131
-0.37706,-0.47175,1.5589,-0.23937,0.59899,-0.47298,0.85419,-0.85511,-0.62248,0.17369,1.2463,0.23207,0.57934
-0.38809,-0.47175,-0.17573,-0.23937,-0.070572,-0.26197,0.92027,-0.57937,-0.3935,0.14386,-0.31499,0.436,0.60568
-0.2968,-0.47175,-0.44877,-0.23937,-0.14883,-0.48283,-1.3787,0.34622,-0.62248,-0.60203,1.1545,0.32611,-0.85152
-0.3975,-0.47175,-0.09104,-0.23937,-0.57492,-0.54473,-1.6222,0.083716,-0.62248,-0.78104,0.052384,0.436,-0.25671
-0.24825,-0.47175,1.2216,-0.23937,2.7468,-1.2298,1.0803,-1.0332,-0.50799,-0.029187,-1.7385,-0.16867,0.077431
-0.4109,3.8184,-1.4446,-0.23937,-1.2532,0.75653,-0.98916,2.1618,-0.50799,-0.90635,-1.5549,0.39226,-1.2162
-0.3966,0.064511,-0.48819,-0.23937,-0.27057,-0.14943,0.94462,1.0352,-0.50799,-0.57816,-1.5089,0.436,0.8913
-0.39791,-0.47175,-0.38745,-0.23937,-0.30536,-0.601,0.96549,-0.78867,-0.50799,-0.14256,1.1086,0.40484,0.51972
-0.39102,-0.47175,-0.058917,-0.23937,-1.2358,-0.046733,-2.1821,0.72046,-0.62248,-0.61396,0.32791,0.22027,-0.71842
-0.40657,-0.47175,0.39518,-0.23937,-1.0271,0.38093,-0.62396,1.0399,-0.62248,-0.70943,-1.1416,0.39172,-0.73921
-0.23066,-0.47175,1.2216,-0.23937,2.7468,-0.21977,0.98636,-1.0207,-0.50799,-0.029187,-1.7385,0.17248,0.19112
-0.3762,-0.47175,-0.73204,-0.23937,-0.4184,-0.27041,-0.25877,-0.055553,-0.16452,-0.60203,-0.49867,0.21567,-0.25533
-0.23373,-0.47175,1.5589,-0.23937,0.59899,-1.7714,1.0803,-1.1054,-0.62248,0.17369,1.2463,0.436,3.0071
-0.40913,-0.47175,-0.87951,-0.23937,-0.34883,-0.5391,-0.32486,0.87596,-0.50799,-1.0973,0.78713,0.41315,-0.29969
1.1606,-0.47175,1.0055,-0.23937,0.51204,-0.069241,0.6629,-0.86256,1.6673,1.5402,0.78713,0.28751,0.053861
0.0372,-0.47175,1.2216,-0.23937,2.7468,-1.1398,1.0803,-1.1185,-0.50799,-0.029187,-1.7385,0.436,1.8993
0.2165,-0.47175,1.0055,-0.23937,-0.20101,1.1012,0.28032,-0.17005,1.6673,1.5402,0.78713,0.41829,-0.7919
-0.26014,-0.47175,-0.44877,-0.23937,-0.14883,-0.46173,0.45422,0.10488,-0.62248,-0.60203,1.1545,-1.3605,2.0781
-0.39847,0.81528,-0.91747,-0.23937,-1.1054,0.16147,-2.1265,1.55,-0.3935,-0.6438,-0.86604,0.19337,-1.0442
-0.40252,1.4588,-1.135,-0.23937,-1.0271,0.94645,-1.65,1.2863,-0.50799,-0.059023,-1.5089,0.22584,-1.0567
0.6181,-0.47175,1.0055,-0.23937,1.6077,-0.91612,0.8681,-0.92614,1.6673,1.5402,0.78713,0.436,1.4085
0.69182,-0.47175,1.0055,-0.23937,0.25117,0.78045,0.88202,-0.79755,1.6673,1.5402,0.78713,-3.0146,0.96617
-0.38812,0.38627,-0.62107,4.1673,-0.79231,1.9875,-0.59614,0.28353,-0.73697,-1.1033,0.052384,0.36897,-0.85152
-0.41007,2.1023,-1.2095,-0.23937,-1.3401,0.73403,-2.0534,1.1629,-0.96595,-0.85264,-1.3253,0.3974,-1.0664
-0.4049,-0.47175,2.1079,-0.23937,0.22508,-0.57427,0.026424,-0.71712,-0.85146,-1.3121,0.28199,0.35126,0.22856
5.1994,-0.47175,1.0055,-0.23937,0.36421,-0.73324,1.0803,-1.1179,1.6673,1.5402,0.78713,-3.8754,-0.36209
0.31787,-0.47175,1.0055,-0.23937,1.3729,0.054555,0.489,-0.49092,1.6673,1.5402,0.78713,0.436,0.17587
-0.27721,-0.47175,-0.44877,-0.23937,-0.14883,-0.19163,0.79159,0.098663,-0.62248,-0.60203,1.1545,0.436,0.83168
0.21217,-0.47175,1.0055,-0.23937,0.24247,-0.23102,0.3777,-0.10585,1.6673,1.5402,0.78713,0.38986,0.31313
-0.23547,-0.47175,-0.44877,-0.23937,-0.14883,-0.25634,0.97245,-0.0043532,-0.62248,-0.60203,1.1545,-1.1887,1.0563
-0.40611,0.064511,-0.75102,-0.23937,-1.2706,-0.56302,-1.6535,1.295,-0.62248,-0.37528,0.19015,0.42846,-0.64077
1.861,-0.47175,1.0055,-0.23937,0.90334,-3.0108,1.0803,-1.2294,1.6673,1.5402,0.78713,0.14427,1.4722
-0.40766,2.9603,-1.1453,-0.23937,-1.3662,-0.69103,-1.3161,1.3488,-0.62248,-0.42301,-1.0956,0.436,-0.34406
-0.39366,-0.47175,-0.17573,-0.23937,-0.070572,-0.49268,0.66986,-0.61965,-0.3935,0.14386,-0.31499,-0.13248,0.42128
-0.41021,3.1748,-1.5293,-0.23937,-1.2619,0.1474,-1.1561,2.5712,-0.85146,-0.56622,-0.54459,0.436,-0.96382
0.80432,-0.47175,1.0055,-0.23937,1.4164,0.18679,1.0803,-0.90635,1.6673,1.5402,0.78713,-0.41852,0.31868
-0.39707,0.47207,-0.78168,-0.23937,-1.0793,0.29371,-1.9456,1.7214,-0.27901,-0.46478,0.28199,0.42922,-0.9458
-0.40062,-0.47175,-0.38745,-0.23937,-0.30536,-0.11707,-0.50571,-0.47032,-0.50799,-0.14256,1.1086,0.39871,0.03861
-0.39842,-0.47175,-0.38745,-0.23937,-0.30536,0.27542,0.9794,-0.63398,-0.50799,-0.14256,1.1086,0.41785,-0.062604
-0.39894,-0.47175,-0.17573,-0.23937,-0.070572,-0.51378,0.83332,-0.67171,-0.3935,0.14386,-0.31499,0.41468,0.48367
-0.40692,-0.47175,-0.98172,-0.23937,-0.92275,0.15584,-0.72831,0.47946,-0.73697,-0.96005,0.006463,0.436,-0.43002
-0.33282,-0.47175,-0.44877,-0.23937,-0.14883,-0.77544,0.019468,0.013061,-0.62248,-0.60203,1.1545,0.37094,-0.19987
-0.40973,-0.47175,-1.3614,-0.23937,-0.32275,0.36827,-0.32138,1.1853,-0.96595,0.084187,-1.1875,0.36012,-0.56451
-0.39295,-0.47175,-0.22245,-0.23937,0.25986,-0.99771,0.15859,-0.64964,-0.3935,-0.10079,0.32791,0.42365,0.32977
1.2531,-0.47175,1.0055,-0.23937,1.6077,-0.17756,1.0803,-0.88011,1.6673,1.5402,0.78713,-3.802,1.9034
-0.37964,0.38627,-0.62107,-0.23937,-0.79231,-0.59397,-0.93351,0.31319,-0.73697,-1.1033,0.052384,0.34579,0.03861
-0.36398,-0.47175,-0.73204,-0.23937,-0.44449,0.38515,-1.6535,-0.1869,-0.16452,-0.60203,-0.49867,0.25493,-1.2425
0.8991,-0.47175,1.0055,-0.23937,0.90334,-0.94285,1.0803,-1.1786,1.6673,1.5402,0.78713,-0.27266,-0.082015
0.68131,-0.47175,1.0055,-0.23937,1.6077,0.29089,1.0803,-0.84965,1.6673,1.5402,0.78713,0.3248,0.84971
-0.40677,-0.47175,-0.98172,-0.23937,-0.92275,-0.37029,-0.82917,0.31234,-0.73697,-0.96005,0.006463,0.42605,0.019199
-0.37754,-0.47175,-0.19179,-0.23937,-0.096659,-0.51237,0.49596,0.10896,-0.62248,-0.61993,-0.039458,0.36821,0.77761
-0.020824,-0.47175,1.0055,-0.23937,0.21638,0.22337,0.21076,-0.414,1.6673,1.5402,0.78713,0.3974,0.22717
